{"stats":{"minecraft:picked_up":{"minecraft:stick":2,"minecraft:crafting_table":1,"minecraft:feather":3,"minecraft:chicken":3,"minecraft:leather":6,"minecraft:dandelion":3,"minecraft:pink_wool":1,"minecraft:porkchop":19,"minecraft:oak_log":13,"minecraft:yellow_bed":1,"minecraft:dirt":21,"minecraft:apple":1,"minecraft:beef":16,"minecraft:granite":2,"minecraft:gray_wool":1,"minecraft:oak_sapling":1,"minecraft:black_wool":1,"minecraft:mutton":10,"minecraft:furnace":1,"minecraft:white_wool":5,"minecraft:cobblestone":23,"minecraft:egg":2},"minecraft:used":{"minecraft:apple":1,"minecraft:stone_pickaxe":18,"minecraft:wooden_pickaxe":10,"minecraft:stone_axe":44,"minecraft:dirt":3,"minecraft:cobblestone":1,"minecraft:beef":8,"minecraft:crafting_table":1,"minecraft:furnace":1,"minecraft:yellow_bed":1,"minecraft:egg":2,"minecraft:granite":2},"minecraft:mined":{"minecraft:furnace":1,"minecraft:dandelion":3,"minecraft:yellow_bed":1,"minecraft:crafting_table":1,"minecraft:granite":2,"minecraft:short_grass":1,"minecraft:oak_log":12,"minecraft:dirt":6,"minecraft:stone":24,"minecraft:oak_leaves":8},"minecraft:killed":{"minecraft:sheep":8,"minecraft:zombie":2,"minecraft:pig":10,"minecraft:chicken":3,"minecraft:cow":7},"minecraft:crafted":{"minecraft:yellow_wool":3,"minecraft:oak_planks":36,"minecraft:stone_shovel":1,"minecraft:cooked_porkchop":15,"minecraft:yellow_dye":3,"minecraft:crafting_table":1,"minecraft:stick":8,"minecraft:wooden_pickaxe":1,"minecraft:stone_pickaxe":1,"minecraft:furnace":1,"minecraft:yellow_bed":1,"minecraft:stone_axe":1,"minecraft:air":0},"minecraft:custom":{"minecraft:time_since_rest":5586,"minecraft:interact_with_furnace":10,"minecraft:sprint_one_cm":40255,"minecraft:damage_taken":190,"minecraft:walk_one_cm":46304,"minecraft:mob_kills":30,"minecraft:damage_dealt":2750,"minecraft:swim_one_cm":6564,"minecraft:interact_with_crafting_table":6,"minecraft:fly_one_cm":53093,"minecraft:crouch_one_cm":1037,"minecraft:play_time":16521,"minecraft:sneak_time":240,"minecraft:walk_under_water_one_cm":662,"minecraft:jump":283,"minecraft:leave_game":1,"minecraft:walk_on_water_one_cm":3056,"minecraft:time_since_death":16521,"minecraft:sleep_in_bed":2,"minecraft:total_world_time":16521,"minecraft:fall_one_cm":3553}},"DataVersion":3700}