{"stats":{"minecraft:picked_up":{"minecraft:raw_iron":9,"minecraft:feather":2,"minecraft:chicken":1,"minecraft:oak_log":6,"minecraft:white_bed":1,"minecraft:dirt":14,"minecraft:wheat_seeds":1,"minecraft:beef":4,"minecraft:sugar_cane":4,"minecraft:mutton":12,"minecraft:white_wool":8,"minecraft:cobblestone":12},"minecraft:used":{"minecraft:stone_sword":17,"minecraft:stone_pickaxe":13,"minecraft:wooden_pickaxe":6,"minecraft:stone_axe":3,"minecraft:cobblestone":2,"minecraft:dirt":1,"minecraft:mutton":7,"minecraft:beef":4,"minecraft:crafting_table":2,"minecraft:white_bed":1},"minecraft:mined":{"minecraft:seagrass":1,"minecraft:white_bed":1,"minecraft:iron_ore":9,"minecraft:short_grass":1,"minecraft:grass_block":6,"minecraft:oak_log":6,"minecraft:dirt":8,"minecraft:stone":9,"minecraft:sugar_cane":2,"minecraft:oak_leaves":1},"minecraft:killed":{"minecraft:sheep":8,"minecraft:chicken":1,"minecraft:salmon":1,"minecraft:cow":2},"minecraft:crafted":{"minecraft:oak_planks":24,"minecraft:crafting_table":2,"minecraft:stick":12,"minecraft:wooden_pickaxe":1,"minecraft:stone_pickaxe":1,"minecraft:stone_sword":1,"minecraft:white_bed":1,"minecraft:stone_axe":1},"minecraft:custom":{"minecraft:time_since_rest":12191,"minecraft:sprint_one_cm":66933,"minecraft:damage_taken":90,"minecraft:walk_one_cm":24988,"minecraft:mob_kills":12,"minecraft:damage_dealt":1045,"minecraft:swim_one_cm":14999,"minecraft:interact_with_crafting_table":4,"minecraft:fly_one_cm":96574,"minecraft:play_time":27280,"minecraft:sneak_time":71,"minecraft:walk_under_water_one_cm":3400,"minecraft:jump":567,"minecraft:leave_game":1,"minecraft:walk_on_water_one_cm":11230,"minecraft:time_since_death":27280,"minecraft:sleep_in_bed":4,"minecraft:total_world_time":27280,"minecraft:fall_one_cm":15708}},"DataVersion":3700}