{"stats":{"minecraft:picked_up":{"minecraft:wooden_axe":1,"minecraft:stick":3,"minecraft:crafting_table":2,"minecraft:leather":3,"minecraft:wooden_pickaxe":1,"minecraft:porkchop":3,"minecraft:oak_log":15,"minecraft:dirt":3,"minecraft:wheat_seeds":4,"minecraft:beef":3,"minecraft:oak_sapling":2,"minecraft:cobblestone":17,"minecraft:egg":1},"minecraft:used":{"minecraft:wooden_axe":3,"minecraft:stone_sword":8,"minecraft:stone_pickaxe":13,"minecraft:oak_planks":4,"minecraft:wooden_pickaxe":7,"minecraft:stone_axe":1,"minecraft:dirt":2,"minecraft:cobblestone":1,"minecraft:crafting_table":1,"minecraft:porkchop":2,"minecraft:egg":1},"minecraft:mined":{"minecraft:seagrass":2,"minecraft:tall_seagrass":1,"minecraft:crafting_table":2,"minecraft:short_grass":6,"minecraft:oak_log":15,"minecraft:stone":19,"minecraft:oak_leaves":1},"minecraft:killed":{"minecraft:pig":2,"minecraft:creeper":1,"minecraft:cow":2},"minecraft:dropped":{"minecraft:dirt":1,"minecraft:wheat_seeds":4,"minecraft:wooden_axe":2,"minecraft:oak_sapling":2,"minecraft:wooden_pickaxe":2,"minecraft:stick":4},"minecraft:killed_by":{"minecraft:zombie":1},"minecraft:crafted":{"minecraft:oak_planks":36,"minecraft:stone_shovel":1,"minecraft:crafting_table":2,"minecraft:stick":16,"minecraft:wooden_pickaxe":1,"minecraft:stone_pickaxe":1,"minecraft:wooden_axe":1,"minecraft:stone_sword":1,"minecraft:stone_axe":1},"minecraft:custom":{"minecraft:time_since_rest":3439,"minecraft:sprint_one_cm":28233,"minecraft:damage_taken":560,"minecraft:walk_one_cm":22216,"minecraft:mob_kills":5,"minecraft:drop":15,"minecraft:damage_dealt":578,"minecraft:swim_one_cm":12942,"minecraft:interact_with_crafting_table":5,"minecraft:fly_one_cm":61781,"minecraft:crouch_one_cm":2431,"minecraft:play_time":19936,"minecraft:deaths":2,"minecraft:sneak_time":1172,"minecraft:walk_under_water_one_cm":2613,"minecraft:jump":269,"minecraft:leave_game":9,"minecraft:time_since_death":2974,"minecraft:walk_on_water_one_cm":4261,"minecraft:total_world_time":19936,"minecraft:fall_one_cm":7162}},"DataVersion":3700}