{"stats":{"minecraft:picked_up":{"minecraft:wheat_seeds":2,"minecraft:dirt":10},"minecraft:used":{"minecraft:dirt":10},"minecraft:mined":{"minecraft:short_grass":18,"minecraft:grass_block":5,"minecraft:dirt":5},"minecraft:dropped":{"minecraft:wheat_seeds":2},"minecraft:custom":{"minecraft:jump":427,"minecraft:time_since_rest":16610,"minecraft:crouch_one_cm":786,"minecraft:walk_on_water_one_cm":616,"minecraft:leave_game":2,"minecraft:play_time":16610,"minecraft:sprint_one_cm":17357,"minecraft:damage_taken":70,"minecraft:time_since_death":16610,"minecraft:walk_one_cm":23935,"minecraft:sneak_time":176,"minecraft:total_world_time":16610,"minecraft:drop":2,"minecraft:fall_one_cm":9981,"minecraft:fly_one_cm":61802}},"DataVersion":3700}